,ID,Site,Patients,Insulin_free_days,Weight_beginning,Weight_delivery
1,60,5,Chiroinositol,201,84.41132585,96.52132585
2,26,5,Myo/Chiroinositol,256,88.27957841,99.43957841
3,1,5,Myo/Chiroinositol,251,78.1847439,84.9247439
4,5,5,Chiroinositol,185,83.24011175,91.29011175
5,30,5,Myo/Chiroinositol,231,70.2631668,79.4431668
6,36,5,control,247,73.98173076,89.49173076
7,29,5,Chiroinositol,216,84.35418644,101.8341864
