,ID,Site,Patients,Insulin_free_days,Weight_beginning,Weight_delivery
1,52,6,Myoinositol,246,101.4759574,100.8759574
2,78,6,Myo/Chiroinositol,215,68.04980722,76.42980722
3,69,6,control,207,86.60188864,96.09188864
4,21,6,Myoinositol,214,67.0393431,74.3593431
5,63,6,Myo/Chiroinositol,201,84.09758283,85.08758283
6,25,6,control,201,88.14586587,97.75586587
