,ID,Site,Patients,Insulin_free_days,Weight_beginning,Weight_delivery
1,3,3,Myoinositol,248,74.01603639,81.01603639
2,71,3,control,228,92.08933816,111.2193382
3,54,3,control,220,84.16465441,91.75465441
4,18,3,control,238,74.8606269,91.1606269
5,80,3,Chiroinositol,201,99.34568167,112.4256817
